epoch,step,train_loss,train_foreign_loss,train_home_loss,train_acc,val_loss,val_foreign_loss,val_home_loss,val_acc,sav_version
0,459,6.853960087096769,2.8790092239712317,2.874044019412371,0.6799167687908494,6.601824720700582,2.764841705560684,2.753280828396479,0.6920833333333335,1
1,918,6.308950117730367,2.680329585646752,2.6768855651219687,0.7063136574074077,6.367722690105438,2.689619461695353,2.682276964187622,0.7061328124999999,2
2,1377,6.180712879093644,2.6434833224302805,2.6406454520547573,0.7157206563180829,6.256385862827301,2.653865853945414,2.650887350241343,0.7118847656249998,3
3,1836,6.113451822131288,2.6249842171056077,2.622463984167394,0.72128557325708,6.191548983256022,2.6352083484331765,2.6312759121259055,0.7158040364583332,4
4,2295,6.070351956456835,2.613208010305766,2.6110637073683063,0.7251216979847503,6.144661247730255,2.6209156612555184,2.6177004675070443,0.7198600260416668,5
