epoch,step,n_vis,train_loss,train_acc,train_ppl,train_te,val_loss,val_acc,val_ppl,val_te,sav_version
0,918,0,1.8065485303698023,0.5526901211873647,8.075587454186913,0.36811872202865925,1.565124253431956,0.5923502604166667,4.892214661966602,0.2738782338800961,1
