epoch,step,train_loss,train_foreign_loss,train_home_loss,train_acc,val_loss,val_foreign_loss,val_home_loss,val_acc,sav_version
0,459,1.0692871129850416,0.023752828309219126,0.023578021517084314,0.69453227124183,1.0872421686848004,0.020108155130098265,0.019924763512487214,0.697119140625,1
1,918,0.9492467997640306,0.015759629793952103,0.01594324943798235,0.7134887322984753,1.0354583660761516,0.014884805112766722,0.014893171843141317,0.703349609375,2
2,1377,0.9174308279500808,0.01211845707188894,0.012273159797236421,0.7176235702614371,1.009119081000487,0.012208755710162222,0.012333713355474174,0.7070540364583334,3
3,1836,0.8969273380204743,0.0102069629833086,0.010353302794117034,0.7214213984204784,0.9951538269718488,0.0107182387340193,0.010755453607998788,0.7088281250000001,4
4,2295,0.8829543785332075,0.00901351066119563,0.009131789222676186,0.7243208741830065,0.9809611737728119,0.00963939109351486,0.009715138779332241,0.7118619791666666,5
5,2754,0.8721067122384614,0.008163206264060112,0.008270306228649903,0.7259546909041404,0.9738953858613968,0.009030704774583379,0.008983099522689978,0.7129752604166666,6
6,3213,0.8633092041888268,0.007596281885670616,0.007657224082130298,0.7278007557189545,0.9664549951752027,0.008393108262680471,0.008402061047187695,0.7148990885416665,7
7,3672,0.8555852601990461,0.007108590470257668,0.007167429201637673,0.7294105732570808,0.9605002577106158,0.00802138498208175,0.007916514528915286,0.7162109375,8
8,4131,0.8505739609919861,0.0067287746782380125,0.006761058016572643,0.7302524169389976,0.9558918550610542,0.00755736930295825,0.007504791797449191,0.7169042968750001,9
